[
  

  {
    "id": 5,
    "img": "https://images.unsplash.com/photo-1493770348161-369560ae357d?ixlib=rb-1.2.1&ixid=MnwxMjA3fDB8MHxwaG90by1wYWdlfHx8fGVufDB8fHx8&auto=format&fit=crop&w=870&q=80",
    "price": 12999,
    "serviceName": "Cook and Chefs for 15 meal",
    "description": " Chef & Assistant Cook do not wash utensils, serve or lay table You can book waiters, cleaners, bartenders, ingredients separately"
  },
  {
    "id": 6,
    "img": "https://images.unsplash.com/photo-1520756977789-ebed5554fb70?ixlib=rb-1.2.1&ixid=MnwxMjA3fDB8MHxwaG90by1wYWdlfHx8fGVufDB8fHx8&auto=format&fit=crop&w=870&q=80",
    "price": 19999,
    "serviceName": "Cook and Chefs for 30 meal",
    "description": " Chef & Assistant Cook do not wash utensils, serve or lay table You can book waiters, cleaners, bartenders, ingredients separately"
  },
  {
    "id": 7,
    "img": "https://images.unsplash.com/photo-1528605248644-14dd04022da1?ixlib=rb-1.2.1&ixid=MnwxMjA3fDB8MHxwaG90by1wYWdlfHx8fGVufDB8fHx8&auto=format&fit=crop&w=870&q=80",
    "price": 35000,
    "serviceName": "Birtday Party",
    "description": " Chef & Assistant Cook do not wash utensils, serve or lay table You can book waiters, cleaners, bartenders, ingredients separately"
  },
  {
    "id": 8,
    "img": "https://images.unsplash.com/photo-1425421598808-4a22ce59cc97?ixlib=rb-1.2.1&ixid=MnwxMjA3fDB8MHxwaG90by1yZWxhdGVkfDl8fHxlbnwwfHx8fA%3D%3D&auto=format&fit=crop&w=500&q=60",
    "price": 20000,
    "serviceName": "Anniversary",
    "description": " Chef & Assistant Cook do not wash utensils, serve or lay table You can book waiters, cleaners, bartenders, ingredients separately"
  },
  {
    "id": 9,
    "img": "https://images.unsplash.com/photo-1511795409834-ef04bbd61622?ixlib=rb-1.2.1&ixid=MnwxMjA3fDB8MHxwaG90by1wYWdlfHx8fGVufDB8fHx8&auto=format&fit=crop&w=869&q=80",
    "price": 150000,
    "serviceName": "Reception",
    "description": " Chef & Assistant Cook do not wash utensils, serve or lay table You can book waiters, cleaners, bartenders, ingredients separately"
  },
  {
    "id": 10,
    "img": "https://images.unsplash.com/photo-1511578314322-379afb476865?ixlib=rb-1.2.1&ixid=MnwxMjA3fDB8MHxwaG90by1wYWdlfHx8fGVufDB8fHx8&auto=format&fit=crop&w=869&q=80",
    "price": 200000,
    "serviceName": "Corporate event",
    "description": " Chef & Assistant Cook do not wash utensils, serve or lay table You can book waiters, cleaners, bartenders, ingredients separately"
  }
]
