[
    {
        "month": "Mar",
        "investment": 100000,
        "sell": 241,
        "revenue": 10401,
        "loss":7400
    },
    {
        "month": "Apr",
        "investment": 200000,
        "sell": 423,
        "revenue": 24500,
        "loss":2100
    },
    {
        "month": "May",
        "investment": 500000,
        "sell": 726,
        "revenue": 67010,
        "loss":18000
    },
    {
        "month": "Jun",
        "investment": 500000,
        "sell": 529,
        "revenue": 40405,
        "loss":27000
    },
    {
        "month": "Jul",
        "investment": 600000,
        "sell": 601,
        "revenue": 50900,
        "loss":12000
    },
    {
        "month": "Aug",
        "investment": 700000,
        "sell": 670,
        "revenue": 61000,
        "loss":10000
    }
]